[
  {
    "originQuestionIndex": 1,
    "orderInStage": 1,
    "enabled": 1,
    "stage": 1,
    "product": "S25",
    "category": "Key CXPs",
    "specificFeature": null,
    "importance": "A",
    "timeLimitSeconds": 30,
    "text": "What are the Key Features of Galaxy S25? (select three)",
    "questionType": "MULTI_CHOICE",
    "options": [
      {
        "text": "True AI Companion",
        "answerStatus": 1
      },
      {
        "text": "Advanced Performance",
        "answerStatus": 1
      },
      {
        "text": "Amazing Camera Experience",
        "answerStatus": 1
      },
      {
        "text": "Your Health Companion",
        "answerStatus": 0
      }
    ]
  },
  {
    "originQuestionIndex": 2,
    "orderInStage": 2,
    "enabled": 1,
    "stage": 1,
    "product": "S25",
    "category": "Design/Color",
    "specificFeature": null,
    "importance": "B",
    "timeLimitSeconds": 30,
    "text": "Which colour does Galaxy S25 Ultra have? (select all that apply)",
    "questionType": "MULTI_CHOICE",
    "options": [
      {
        "text": "Titanium Silver Blue",
        "answerStatus": 1
      },
      {
        "text": "Titanium Gray",
        "answerStatus": 1
      },
      {
        "text": "Titanium White Silver",
        "answerStatus": 1
      },
      {
        "text": "Titanium Black",
        "answerStatus": 1
      }
    ]
  },
  {
    "originQuestionIndex": 3,
    "orderInStage": 3,
    "enabled": 1,
    "stage": 1,
    "product": "S25",
    "category": "Key CXPs",
    "specificFeature": null,
    "importance": "A",
    "timeLimitSeconds": 30,
    "text": "I heard that there is a feature that can help to find a restaurant and send a message at once. What is it called?",
    "questionType": "SINGLE_CHOICE",
    "options": [
      {
        "text": "Now Bar & Brief",
        "answerStatus": 0
      },
      {
        "text": "Cross-app action",
        "answerStatus": 1
      },
      {
        "text": "Circle to Search",
        "answerStatus": 0
      },
      {
        "text": "Gemini Live",
        "answerStatus": 0
      }
    ]
  },
  {
    "originQuestionIndex": 4,
    "orderInStage": 4,
    "enabled": 1,
    "stage": 1,
    "product": "S25",
    "category": "Key CXPs",
    "specificFeature": null,
    "importance": "B",
    "timeLimitSeconds": 30,
    "text": "What are the key benefits when taking a portrait?",
    "questionType": "SINGLE_CHOICE",
    "options": [
      {
        "text": "You can record bright night videos with less noise.",
        "answerStatus": 0
      },
      {
        "text": "You are can now filter out unwanted sounds and keep the ones you want.",
        "answerStatus": 0
      },
      {
        "text": "You can complete tasks using multiple apps at once by talking naturally to the Galaxy S25 Series",
        "answerStatus": 0
      },
      {
        "text": "You can freely capture natural skin texture",
        "answerStatus": 1
      }
    ]
  },
  {
    "originQuestionIndex": 5,
    "orderInStage": 5,
    "enabled": 1,
    "stage": 1,
    "product": "S25",
    "category": "Key CXPs",
    "specificFeature": null,
    "importance": "B",
    "timeLimitSeconds": 30,
    "text": "What results can I expect when shooting with Nightography Video?",
    "questionType": "SINGLE_CHOICE",
    "options": [
      {
        "text": "Record bright night videos with low noise.",
        "answerStatus": 1
      },
      {
        "text": "Filter out unwanted sounds and keeping the ones they want.",
        "answerStatus": 0
      },
      {
        "text": "Complete tasks using multiple apps at once  by talking naturally to the Galaxy S25 Series",
        "answerStatus": 0
      },
      {
        "text": "Capture accurate tone and natural skin texture",
        "answerStatus": 0
      }
    ]
  },
  {
    "originQuestionIndex": 6,
    "orderInStage": 6,
    "enabled": 1,
    "stage": 1,
    "product": "Watch",
    "category": "Customer Engagement",
    "specificFeature": null,
    "importance": "A",
    "timeLimitSeconds": 30,
    "text": "Which of the following is a key feature of New Watch that should be highlighted as the connected experience when providing lifestyle use case demo? (select all correct answers)",
    "questionType": "SINGLE_CHOICE",
    "options": [
      {
        "text": "Crystal Clear Sound",
        "answerStatus": 0
      },
      {
        "text": "Energy Score",
        "answerStatus": 0
      },
      {
        "text": "Race",
        "answerStatus": 0
      },
      {
        "text": "All of the above",
        "answerStatus": 1
      }
    ]
  },
  {
    "originQuestionIndex": 7,
    "orderInStage": 7,
    "enabled": 1,
    "stage": 1,
    "product": "Buds",
    "category": "Customer Engagement",
    "specificFeature": null,
    "importance": "A",
    "timeLimitSeconds": 30,
    "text": "Which of the following is a key feature of Buds3 Pro and Buds3 that should be highlighted as the connected experience when providing lifestyle use case demo?",
    "questionType": "SINGLE_CHOICE",
    "options": [
      {
        "text": "Intuitive UI/UX",
        "answerStatus": 0
      },
      {
        "text": "Sound Optimisation\n(Optimised Sound)",
        "answerStatus": 1
      },
      {
        "text": "IP57",
        "answerStatus": 0
      },
      {
        "text": "Multi-buy Offer",
        "answerStatus": 0
      }
    ]
  },
  {
    "originQuestionIndex": 8,
    "orderInStage": 8,
    "enabled": 1,
    "stage": 1,
    "product": "Tab",
    "category": "Customer Engagement",
    "specificFeature": null,
    "importance": null,
    "timeLimitSeconds": 30,
    "text": "What is the features are supported in Samsung Notes?",
    "questionType": "SINGLE_CHOICE",
    "options": [
      {
        "text": "Overlay PDF translation",
        "answerStatus": 0
      },
      {
        "text": "Transcribe & Translate",
        "answerStatus": 0
      },
      {
        "text": "Summarise & Auto format",
        "answerStatus": 0
      },
      {
        "text": "All of the above",
        "answerStatus": 1
      }
    ]
  },
  {
    "originQuestionIndex": 9,
    "orderInStage": 9,
    "enabled": 1,
    "stage": 1,
    "product": "Service",
    "category": "Samsung Account",
    "specificFeature": null,
    "importance": null,
    "timeLimitSeconds": 30,
    "text": "What do I need in order to use Galaxy AI?",
    "questionType": "SINGLE_CHOICE",
    "options": [
      {
        "text": "You need to be logged in to your Samsung Account",
        "answerStatus": 1
      },
      {
        "text": "You need to pay a certain amount of subscription fee",
        "answerStatus": 0
      },
      {
        "text": "You need to download Galaxy AI dedicated app",
        "answerStatus": 0
      },
      {
        "text": "Nothing",
        "answerStatus": 0
      }
    ]
  },
  {
    "originQuestionIndex": 10,
    "orderInStage": 10,
    "enabled": 1,
    "stage": 1,
    "product": "Service",
    "category": "One UI 7",
    "specificFeature": null,
    "importance": null,
    "timeLimitSeconds": 30,
    "text": "Why should I upgrade my Galaxy to One UI 7.0?",
    "questionType": "SINGLE_CHOICE",
    "options": [
      {
        "text": "Not much has been changed compared to One UI 6.1.1",
        "answerStatus": 0
      },
      {
        "text": "With One UI 7.0, you will have more rich AI-phone experience compared to previous One UI software.",
        "answerStatus": 1
      }
    ]
  },
  {
    "originQuestionIndex": 11,
    "orderInStage": 11,
    "enabled": 1,
    "stage": 2,
    "product": "S25",
    "category": "Key CXPs",
    "specificFeature": null,
    "importance": "B",
    "timeLimitSeconds": 30,
    "text": "What factors can I erase by using Audio Eraser?",
    "questionType": "SINGLE_CHOICE",
    "options": [
      {
        "text": "Music",
        "answerStatus": 0
      },
      {
        "text": "Wind",
        "answerStatus": 0
      },
      {
        "text": "Noise",
        "answerStatus": 0
      },
      {
        "text": "All of the above",
        "answerStatus": 1
      }
    ]
  },
  {
    "originQuestionIndex": 12,
    "orderInStage": 12,
    "enabled": 1,
    "stage": 2,
    "product": "S25",
    "category": "Demo",
    "specificFeature": null,
    "importance": "A",
    "timeLimitSeconds": 30,
    "text": "What are the main features to experience on the Galaxy S25 ? (select all that apply)",
    "questionType": "MULTI_CHOICE",
    "options": [
      {
        "text": "Chat Assist",
        "answerStatus": 0
      },
      {
        "text": "Cross-app action",
        "answerStatus": 1
      },
      {
        "text": "Portrait & My Filter",
        "answerStatus": 1
      },
      {
        "text": "Audio Eraser",
        "answerStatus": 1
      }
    ]
  },
  {
    "originQuestionIndex": 13,
    "orderInStage": 13,
    "enabled": 1,
    "stage": 2,
    "product": "S25",
    "category": "Key Improvements",
    "specificFeature": null,
    "importance": "A",
    "timeLimitSeconds": 30,
    "text": "What are the Key Improvements of the Galaxy S25? (select three)",
    "questionType": "MULTI_CHOICE",
    "options": [
      {
        "text": "Cross-app action",
        "answerStatus": 1
      },
      {
        "text": "Multimodality",
        "answerStatus": 1
      },
      {
        "text": "Battery",
        "answerStatus": 0
      },
      {
        "text": "3 nm AP",
        "answerStatus": 1
      }
    ]
  },
  {
    "originQuestionIndex": 14,
    "orderInStage": 14,
    "enabled": 1,
    "stage": 2,
    "product": "S25",
    "category": "Key CXPs",
    "specificFeature": null,
    "importance": "B",
    "timeLimitSeconds": 30,
    "text": "What AP (Processor) is Galaxy S25 Series equipped with?",
    "questionType": "SINGLE_CHOICE",
    "options": [
      {
        "text": "6 nm AP",
        "answerStatus": 0
      },
      {
        "text": "5 nm AP",
        "answerStatus": 0
      },
      {
        "text": "4 nm AP",
        "answerStatus": 0
      },
      {
        "text": "3 nm AP",
        "answerStatus": 1
      }
    ]
  },
  {
    "originQuestionIndex": 15,
    "orderInStage": 15,
    "enabled": 1,
    "stage": 2,
    "product": "S25",
    "category": "Key Improvements",
    "specificFeature": null,
    "importance": "A",
    "timeLimitSeconds": 30,
    "text": "What are the Improvements of Galaxy S25 Ultra? (Select Three)",
    "questionType": "MULTI_CHOICE",
    "options": [
      {
        "text": "Ultra Wide 50 MP Camera",
        "answerStatus": 1
      },
      {
        "text": "Weight",
        "answerStatus": 0
      },
      {
        "text": "Corning Gorilla Armor2 (for front display)",
        "answerStatus": 1
      },
      {
        "text": "Processor",
        "answerStatus": 1
      }
    ]
  },
  {
    "originQuestionIndex": 16,
    "orderInStage": 16,
    "enabled": 1,
    "stage": 2,
    "product": "Watch",
    "category": "Customer Engagement",
    "specificFeature": null,
    "importance": "A",
    "timeLimitSeconds": 30,
    "text": "Which of the following are key features of the New Watch? (select all that apply)",
    "questionType": "MULTI_CHOICE",
    "options": [
      {
        "text": "Next-level Essential\n(performance)",
        "answerStatus": 0
      },
      {
        "text": "AI-powered Sleep",
        "answerStatus": 1
      },
      {
        "text": "Display Size",
        "answerStatus": 0
      },
      {
        "text": "Personalised Exercise Experience",
        "answerStatus": 1
      }
    ]
  },
  {
    "originQuestionIndex": 17,
    "orderInStage": 17,
    "enabled": 1,
    "stage": 2,
    "product": "Buds",
    "category": "Customer Engagement",
    "specificFeature": null,
    "importance": "A",
    "timeLimitSeconds": 30,
    "text": "Which of the following is a key feature that should be highlighted when introducing Buds3 Pro and Buds3 to customers who are new to earbuds (1st buyer)?",
    "questionType": "SINGLE_CHOICE",
    "options": [
      {
        "text": "Crystal Clear Sound",
        "answerStatus": 0
      },
      {
        "text": "Adaptive ANC",
        "answerStatus": 0
      },
      {
        "text": "Comfortable Fit",
        "answerStatus": 0
      },
      {
        "text": "All of the above",
        "answerStatus": 1
      }
    ]
  },
  {
    "originQuestionIndex": 18,
    "orderInStage": 18,
    "enabled": 1,
    "stage": 2,
    "product": "Tab",
    "category": "Customer Engagement",
    "specificFeature": null,
    "importance": null,
    "timeLimitSeconds": 30,
    "text": "What is the new feature in Tab S10 supporting vivid outdoor viewing?",
    "questionType": "SINGLE_CHOICE",
    "options": [
      {
        "text": "Dynamic AMOLED 2X",
        "answerStatus": 0
      },
      {
        "text": "Anti-reflection",
        "answerStatus": 1
      },
      {
        "text": "HDR 10+",
        "answerStatus": 0
      },
      {
        "text": "Large Display",
        "answerStatus": 0
      }
    ]
  },
  {
    "originQuestionIndex": 19,
    "orderInStage": 19,
    "enabled": 1,
    "stage": 2,
    "product": "Service",
    "category": "Quick Share",
    "specificFeature": null,
    "importance": null,
    "timeLimitSeconds": 30,
    "text": "Is there a feature to easily & quickly share photos/videos with friends?",
    "questionType": "SINGLE_CHOICE",
    "options": [
      {
        "text": "Smart Things",
        "answerStatus": 0
      },
      {
        "text": "Quick Share",
        "answerStatus": 1
      },
      {
        "text": "Smart Switch",
        "answerStatus": 0
      },
      {
        "text": "Live Translate",
        "answerStatus": 0
      }
    ]
  },
  {
    "originQuestionIndex": 20,
    "orderInStage": 20,
    "enabled": 1,
    "stage": 2,
    "product": "Service",
    "category": "Quick Share",
    "specificFeature": null,
    "importance": null,
    "timeLimitSeconds": 30,
    "text": "Do I need to stay nearby while using Quick Share?",
    "questionType": "SINGLE_CHOICE",
    "options": [
      {
        "text": "No, Quick Share works via cloud sharing",
        "answerStatus": 1
      },
      {
        "text": "Yes, unfortunately you have to stay to the end",
        "answerStatus": 0
      }
    ]
  },
  {
    "originQuestionIndex": 21,
    "orderInStage": 21,
    "enabled": 1,
    "stage": 3,
    "product": "S25",
    "category": "Demo",
    "specificFeature": null,
    "importance": "A",
    "timeLimitSeconds": 30,
    "text": "What key features do you recommend I should experience? ",
    "questionType": "SINGLE_CHOICE",
    "options": [
      {
        "text": "Cross-app action",
        "answerStatus": 0
      },
      {
        "text": "Portrait & My Filter",
        "answerStatus": 0
      },
      {
        "text": "Audio Eraser",
        "answerStatus": 0
      },
      {
        "text": "All of the above",
        "answerStatus": 1
      }
    ]
  },
  {
    "originQuestionIndex": 22,
    "orderInStage": 22,
    "enabled": 1,
    "stage": 3,
    "product": "S25",
    "category": "Demo",
    "specificFeature": null,
    "importance": "A",
    "timeLimitSeconds": 30,
    "text": "What kind of prompt should I use to experience Cross-app action on the Galaxy S25 Series? (select the best example)",
    "questionType": "SINGLE_CHOICE",
    "options": [
      {
        "text": "Search for Chinese restaurants nearby and send it to Tony",
        "answerStatus": 1
      },
      {
        "text": "Hi Bixby",
        "answerStatus": 0
      },
      {
        "text": "Give me today weather information",
        "answerStatus": 0
      },
      {
        "text": "Hi Gemini",
        "answerStatus": 0
      }
    ]
  },
  {
    "originQuestionIndex": 23,
    "orderInStage": 23,
    "enabled": 1,
    "stage": 3,
    "product": "S25",
    "category": "Demo",
    "specificFeature": null,
    "importance": "A",
    "timeLimitSeconds": 30,
    "text": "How can I apply filter when taking a photo? (select two)",
    "questionType": "MULTI_CHOICE",
    "options": [
      {
        "text": "By using preset filter of camera app",
        "answerStatus": 1
      },
      {
        "text": "By using Night mode of camera app",
        "answerStatus": 0
      },
      {
        "text": "By using My filter of photo in gallery",
        "answerStatus": 1
      },
      {
        "text": "By using Slow Motion of camera app",
        "answerStatus": 0
      }
    ]
  },
  {
    "originQuestionIndex": 24,
    "orderInStage": 24,
    "enabled": 1,
    "stage": 3,
    "product": "S25",
    "category": "Recommendation",
    "specificFeature": null,
    "importance": "B",
    "timeLimitSeconds": 30,
    "text": "I'm a big fan of S pen. Which device do you recommend?",
    "questionType": "SINGLE_CHOICE",
    "options": [
      {
        "text": "Galaxy S25 Plus",
        "answerStatus": 0
      },
      {
        "text": "Galaxy S25 Ultra",
        "answerStatus": 1
      },
      {
        "text": "Galaxy S25",
        "answerStatus": 0
      },
      {
        "text": "Galaxy Watch Ultra",
        "answerStatus": 0
      }
    ]
  },
  {
    "originQuestionIndex": 25,
    "orderInStage": 25,
    "enabled": 1,
    "stage": 3,
    "product": "S25",
    "category": "Demo",
    "specificFeature": null,
    "importance": "B",
    "timeLimitSeconds": 30,
    "text": "What information/insights can I receive with Now Brief? (select three)",
    "questionType": "MULTI_CHOICE",
    "options": [
      {
        "text": "Energy Score",
        "answerStatus": 1
      },
      {
        "text": "Schedule",
        "answerStatus": 1
      },
      {
        "text": "Alarm",
        "answerStatus": 1
      },
      {
        "text": "home address",
        "answerStatus": 0
      }
    ]
  },
  {
    "originQuestionIndex": 26,
    "orderInStage": 26,
    "enabled": 1,
    "stage": 3,
    "product": "Watch",
    "category": "Customer Engagement",
    "specificFeature": null,
    "importance": "A",
    "timeLimitSeconds": 30,
    "text": "Select a feature related to Health/Sleep in New Watch?",
    "questionType": "SINGLE_CHOICE",
    "options": [
      {
        "text": "Energy Score",
        "answerStatus": 1
      },
      {
        "text": "Personalised Coaching",
        "answerStatus": 0
      },
      {
        "text": "Self Motivation & Improvement",
        "answerStatus": 0
      },
      {
        "text": "All of the above",
        "answerStatus": 0
      }
    ]
  },
  {
    "originQuestionIndex": 27,
    "orderInStage": 27,
    "enabled": 1,
    "stage": 3,
    "product": "Buds",
    "category": "Customer Engagement",
    "specificFeature": null,
    "importance": "A",
    "timeLimitSeconds": 30,
    "text": "Select the most suitable feature of Buds3 that can be utilised in a meeting with a foreigner who speaks other language.",
    "questionType": "SINGLE_CHOICE",
    "options": [
      {
        "text": "Interpreter",
        "answerStatus": 1
      },
      {
        "text": "IP57",
        "answerStatus": 0
      },
      {
        "text": "Comfortable Fit",
        "answerStatus": 0
      },
      {
        "text": "Crystal Clear Sound",
        "answerStatus": 0
      }
    ]
  },
  {
    "originQuestionIndex": 28,
    "orderInStage": 28,
    "enabled": 1,
    "stage": 3,
    "product": "Tab",
    "category": "Customer Engagement",
    "specificFeature": null,
    "importance": null,
    "timeLimitSeconds": 30,
    "text": "What is new about the new Book Cover Keyboard of Tab S10?",
    "questionType": "SINGLE_CHOICE",
    "options": [
      {
        "text": "Back Light ",
        "answerStatus": 0
      },
      {
        "text": "Dedicated AI Key",
        "answerStatus": 1
      },
      {
        "text": "Samsung Note launcher",
        "answerStatus": 0
      },
      {
        "text": "Google Assist",
        "answerStatus": 0
      }
    ]
  },
  {
    "originQuestionIndex": 29,
    "orderInStage": 29,
    "enabled": 1,
    "stage": 3,
    "product": "Service",
    "category": "Samsung Health",
    "specificFeature": null,
    "importance": null,
    "timeLimitSeconds": 30,
    "text": "What are the criteria for Energy Score? ",
    "questionType": "SINGLE_CHOICE",
    "options": [
      {
        "text": "Sleep",
        "answerStatus": 0
      },
      {
        "text": "Activity",
        "answerStatus": 0
      },
      {
        "text": "Heart rate",
        "answerStatus": 0
      },
      {
        "text": "All of the above",
        "answerStatus": 1
      }
    ]
  },
  {
    "originQuestionIndex": 30,
    "orderInStage": 30,
    "enabled": 1,
    "stage": 3,
    "product": "Service",
    "category": "Trade-in",
    "specificFeature": null,
    "importance": null,
    "timeLimitSeconds": 30,
    "text": "What is the main advantage of Trade-in? ",
    "questionType": "SINGLE_CHOICE",
    "options": [
      {
        "text": "You can get a monthly financing plan",
        "answerStatus": 0
      },
      {
        "text": "You can reduce the cost of purchasing a latest smartphone",
        "answerStatus": 1
      },
      {
        "text": "You can get 2X more storage with the same price",
        "answerStatus": 0
      },
      {
        "text": "You buy one, you can get one free",
        "answerStatus": 0
      }
    ]
  },
  {
    "originQuestionIndex": 31,
    "orderInStage": 31,
    "enabled": 1,
    "stage": 4,
    "product": "S25",
    "category": "Upgrader",
    "specificFeature": null,
    "importance": "B",
    "timeLimitSeconds": 30,
    "text": "I'm S22 user. What are key improvements of Galaxy S25? (select two)",
    "questionType": "MULTI_CHOICE",
    "options": [
      {
        "text": "3 nm AP",
        "answerStatus": 1
      },
      {
        "text": "Image Quality",
        "answerStatus": 1
      },
      {
        "text": "Number of Camera",
        "answerStatus": 0
      },
      {
        "text": "Dimension",
        "answerStatus": 0
      }
    ]
  },
  {
    "originQuestionIndex": 32,
    "orderInStage": 32,
    "enabled": 1,
    "stage": 4,
    "product": "S25",
    "category": "Ultra",
    "specificFeature": null,
    "importance": "B",
    "timeLimitSeconds": 30,
    "text": "What features are available exclusively on the Galaxy S25 Ultra?",
    "questionType": "SINGLE_CHOICE",
    "options": [
      {
        "text": "Built-in S pen",
        "answerStatus": 0
      },
      {
        "text": "100x zoom & 200mp camera",
        "answerStatus": 0
      },
      {
        "text": "Larger Screen / Battery",
        "answerStatus": 0
      },
      {
        "text": "All of the above",
        "answerStatus": 1
      }
    ]
  },
  {
    "originQuestionIndex": 33,
    "orderInStage": 33,
    "enabled": 1,
    "stage": 4,
    "product": "S25",
    "category": "Quick Share",
    "specificFeature": null,
    "importance": "B",
    "timeLimitSeconds": 30,
    "text": "Are there any ways to share my files to non-Android devices?",
    "questionType": "SINGLE_CHOICE",
    "options": [
      {
        "text": "Quick Share",
        "answerStatus": 1
      },
      {
        "text": "Smart Things",
        "answerStatus": 0
      },
      {
        "text": "Try Galaxy",
        "answerStatus": 0
      },
      {
        "text": "Wallet",
        "answerStatus": 0
      }
    ]
  },
  {
    "originQuestionIndex": 34,
    "orderInStage": 34,
    "enabled": 1,
    "stage": 4,
    "product": "S25",
    "category": "Create Excitement",
    "specificFeature": null,
    "importance": "A",
    "timeLimitSeconds": 30,
    "text": "What is the feature that lets me watch recorded videos in slow motion?",
    "questionType": "SINGLE_CHOICE",
    "options": [
      {
        "text": "Nightography Videos",
        "answerStatus": 0
      },
      {
        "text": "Audio Eraser",
        "answerStatus": 0
      },
      {
        "text": "Instant Slow-mo",
        "answerStatus": 1
      },
      {
        "text": "Auto Trim",
        "answerStatus": 0
      }
    ]
  },
  {
    "originQuestionIndex": 35,
    "orderInStage": 35,
    "enabled": 1,
    "stage": 4,
    "product": "S25",
    "category": "Create Excitement",
    "specificFeature": null,
    "importance": "B",
    "timeLimitSeconds": 30,
    "text": "I make a lot of calls in my daily life, but I often forget what we talked about. Is there a good feature you can recommend for this situation?",
    "questionType": "SINGLE_CHOICE",
    "options": [
      {
        "text": "Transcript Assist",
        "answerStatus": 1
      },
      {
        "text": "Live Translate",
        "answerStatus": 0
      },
      {
        "text": "Now Brief",
        "answerStatus": 0
      },
      {
        "text": "Multimodal Search",
        "answerStatus": 0
      }
    ]
  },
  {
    "originQuestionIndex": 36,
    "orderInStage": 36,
    "enabled": 1,
    "stage": 4,
    "product": "Service",
    "category": "Samsung Care+",
    "specificFeature": null,
    "importance": null,
    "timeLimitSeconds": 30,
    "text": "What Peace of Mind programs does Samsung Australia offer to swap or refresh my mobile device?",
    "questionType": "SINGLE_CHOICE",
    "options": [
      {
        "text": "Recommend you \"Samsung Care+\"",
        "answerStatus": 1
      },
      {
        "text": "Recommend you \"Samsung Wallet\"",
        "answerStatus": 0
      },
      {
        "text": "Recommend you \"Quick Share\"",
        "answerStatus": 0
      },
      {
        "text": "Recommend you \"Cheaper model\"",
        "answerStatus": 0
      }
    ]
  },
  {
    "originQuestionIndex": 37,
    "orderInStage": 37,
    "enabled": 1,
    "stage": 4,
    "product": "Service",
    "category": "Samsung Care+",
    "specificFeature": null,
    "importance": null,
    "timeLimitSeconds": 30,
    "text": "What is NOT covered by Samsung Care+",
    "questionType": "SINGLE_CHOICE",
    "options": [
      {
        "text": "Smartphone",
        "answerStatus": 0
      },
      {
        "text": "Watch",
        "answerStatus": 0
      },
      {
        "text": "Desktop PC",
        "answerStatus": 1
      },
      {
        "text": "Tab",
        "answerStatus": 0
      }
    ]
  },
  {
    "originQuestionIndex": 38,
    "orderInStage": 0,
    "enabled": 0,
    "stage": 4,
    "product": "Ring",
    "category": "Customer Engagement",
    "specificFeature": null,
    "importance": "B",
    "timeLimitSeconds": 30,
    "text": "How long should I wear the sizing kit Galaxy Ring for before I choose a size?",
    "questionType": "SINGLE_CHOICE",
    "options": [
      {
        "text": "Apply a lubricant, such as hand cream, cleansing oil, or soap, to reduce friction, which makes it easier to remove.",
        "answerStatus": 0
      },
      {
        "text": "Immerse your finger in cold water to constrict blood vessels temporarily and shrink the finger. ",
        "answerStatus": 0
      },
      {
        "text": "Reduce swelling by elevating your hand for more than 5 minutes.",
        "answerStatus": 0
      },
      {
        "text": "All of the above",
        "answerStatus": 1
      }
    ]
  },
  {
    "originQuestionIndex": 39,
    "orderInStage": 38,
    "enabled": 1,
    "stage": 4,
    "product": "Ring",
    "category": "Customer Engagement",
    "specificFeature": null,
    "importance": "A",
    "timeLimitSeconds": 30,
    "text": "What is the most appropriate answer to the following blank?\nGalaxy Ring is a new wearable device. Especially, AI-powered health tracking and ________.",
    "questionType": "SINGLE_CHOICE",
    "options": [
      {
        "text": "Energy Score",
        "answerStatus": 0
      },
      {
        "text": "Booster Card",
        "answerStatus": 0
      },
      {
        "text": "Sleep Coaching",
        "answerStatus": 1
      },
      {
        "text": "Double Pinch",
        "answerStatus": 0
      }
    ]
  },
  {
    "originQuestionIndex": 40,
    "orderInStage": 39,
    "enabled": 1,
    "stage": 4,
    "product": "Ring",
    "category": "Customer Engagement",
    "specificFeature": null,
    "importance": "A",
    "timeLimitSeconds": 30,
    "text": "Which of the following is Key CXP of Galaxy Ring?",
    "questionType": "SINGLE_CHOICE",
    "options": [
      {
        "text": "Personalized Coaching",
        "answerStatus": 0
      },
      {
        "text": "Comfortable Wear 24/7",
        "answerStatus": 0
      },
      {
        "text": "Double Pinch  ",
        "answerStatus": 0
      },
      {
        "text": "All of the above",
        "answerStatus": 1
      }
    ]
  },
  {
    "originQuestionIndex": 41,
    "orderInStage": 40,
    "enabled": 1,
    "stage": 4,
    "product": "Ring",
    "category": "Customer Engagement",
    "specificFeature": null,
    "importance": "B",
    "timeLimitSeconds": 30,
    "text": "How long should I wear the sizing kit Galaxy Ring for before I choose a size?",
    "questionType": "SINGLE_CHOICE",
    "options": [
      {
        "text": "Apply a lubricant, such as hand cream, cleansing oil, or soap, to reduce friction, which makes it easier to remove.",
        "answerStatus": 0
      },
      {
        "text": "Immerse your finger in cold water to constrict blood vessels temporarily and shrink the finger. ",
        "answerStatus": 0
      },
      {
        "text": "Reduce swelling by elevating your hand for more than 5 minutes.",
        "answerStatus": 0
      },
      {
        "text": "All of the above",
        "answerStatus": 1
      }
    ]
  }
]