[
  {
    "originQuestionIndex": 1,
    "orderInStage": 1,
    "enabled": 1,
    "stage": 1,
    "product": "S25",
    "category": "Key CXPs",
    "specificFeature": null,
    "importance": "A",
    "timeLimitSeconds": 30,
    "text": "Quelles sont les principales fonctions du Galaxy S25 ? (sélectionnez trois réponses)",
    "questionType": "MULTI_CHOICE",
    "options": [
      {
        "text": "Véritable compagnon AI",
        "answerStatus": 1
      },
      {
        "text": "Les performances les plus avancées",
        "answerStatus": 1
      },
      {
        "text": "Une expérience parfaite de l'appareil photo",
        "answerStatus": 1
      },
      {
        "text": "Votre compagnon santé",
        "answerStatus": 0
      }
    ]
  },
  {
    "originQuestionIndex": 2,
    "orderInStage": 2,
    "enabled": 1,
    "stage": 1,
    "product": "S25",
    "category": "Design/Color",
    "specificFeature": null,
    "importance": "B",
    "timeLimitSeconds": 30,
    "text": "Quelles sont les couleurs du Galaxy S25 Ultra ? (sélectionnez tout)",
    "questionType": "MULTI_CHOICE",
    "options": [
      {
        "text": "Bleu argenté titane",
        "answerStatus": 1
      },
      {
        "text": "Gris titane",
        "answerStatus": 1
      },
      {
        "text": "Blanc argenté titane",
        "answerStatus": 1
      },
      {
        "text": "Noir titane",
        "answerStatus": 1
      }
    ]
  },
  {
    "originQuestionIndex": 3,
    "orderInStage": 3,
    "enabled": 1,
    "stage": 1,
    "product": "S25",
    "category": "Key CXPs",
    "specificFeature": null,
    "importance": "Que",
    "timeLimitSeconds": 30,
    "text": "J’ai entendu dire qu’il existait une fonction permettant de trouver un restaurant et d’envoyer un message en même temps. Comment s’appelle-t-elle ?",
    "questionType": "SINGLE_CHOICE",
    "options": [
      {
        "text": "Now Bar et Now Brief",
        "answerStatus": 0
      },
      {
        "text": "Action Cross-App",
        "answerStatus": 1
      },
      {
        "text": "Entourer pour chercher",
        "answerStatus": 0
      },
      {
        "text": "Gemini Live",
        "answerStatus": 0
      }
    ]
  },
  {
    "originQuestionIndex": 4,
    "orderInStage": 4,
    "enabled": 1,
    "stage": 1,
    "product": "S25",
    "category": "Key CXPs",
    "specificFeature": null,
    "importance": "B",
    "timeLimitSeconds": 30,
    "text": "Quels sont les principaux avantages lors d'une prise de photo portrait ?",
    "questionType": "SINGLE_CHOICE",
    "options": [
      {
        "text": "Vous pouvez enregistrer des vidéos de nuit encore plus lumineuses avec moins de bruit.",
        "answerStatus": 0
      },
      {
        "text": "Vous êtes maintenant capable de filtrer les sons indésirables et de conserver ceux de votre choix.",
        "answerStatus": 0
      },
      {
        "text": "Vous pouvez effectuer des tâches à l’aide de plusieurs applications à la fois en parlant naturellement au Galaxy S25",
        "answerStatus": 0
      },
      {
        "text": "Vous pouvez capturer facilement la texture naturelle de la peau",
        "answerStatus": 1
      }
    ]
  },
  {
    "originQuestionIndex": 5,
    "orderInStage": 5,
    "enabled": 1,
    "stage": 1,
    "product": "S25",
    "category": "Key CXPs",
    "specificFeature": null,
    "importance": "B",
    "timeLimitSeconds": 30,
    "text": "Pourriez-vous expliquer le résultat lors de prises de vue d’une vidéo Nightography ?",
    "questionType": "SINGLE_CHOICE",
    "options": [
      {
        "text": "Vous pouvez enregistrer des vidéos de nuit encore plus lumineuses avec moins de bruit.",
        "answerStatus": 1
      },
      {
        "text": "Vous êtes maintenant capable de filtrer les sons indésirables et de conserver ceux de votre choix.",
        "answerStatus": 0
      },
      {
        "text": "Vous pouvez effectuer des tâches à l’aide de plusieurs applications à la fois en parlant naturellement au Galaxy S25",
        "answerStatus": 0
      },
      {
        "text": "Vous pouvez capturer librement le ton exact et la texture naturelle de la peau",
        "answerStatus": 0
      }
    ]
  },
  {
    "originQuestionIndex": 6,
    "orderInStage": 6,
    "enabled": 1,
    "stage": 1,
    "product": "Watch",
    "category": "Customer Engagement",
    "specificFeature": null,
    "importance": "A",
    "timeLimitSeconds": 30,
    "text": "Quelle est la fonction essentielle de la nouvelle Galaxy Watch qui doit être mise en avant comme expérience connectée lors de la démonstration d'un cas d'utilisation lifestyle ? ",
    "questionType": "SINGLE_CHOICE",
    "options": [
      {
        "text": "Son cristallin",
        "answerStatus": 0
      },
      {
        "text": "Score d’énergie",
        "answerStatus": 0
      },
      {
        "text": "Course",
        "answerStatus": 0
      },
      {
        "text": "Toutes les réponses qui précèdent",
        "answerStatus": 1
      }
    ]
  },
  {
    "originQuestionIndex": 7,
    "orderInStage": 7,
    "enabled": 1,
    "stage": 1,
    "product": "Buds",
    "category": "Customer Engagement",
    "specificFeature": null,
    "importance": "A",
    "timeLimitSeconds": 30,
    "text": "Quelle fonction essentielle des Galaxy Buds3 Pro et Galaxy Buds3 devrait être mise en avant comme une expérience connectée lors de la démonstration d'un cas d'utilisation lifestyle ?",
    "questionType": "SINGLE_CHOICE",
    "options": [
      {
        "text": "UI/UX intuitive",
        "answerStatus": 0
      },
      {
        "text": "Optimisation du son (son optimisé)",
        "answerStatus": 1
      },
      {
        "text": "IP57",
        "answerStatus": 0
      },
      {
        "text": "Offre d’achat groupé",
        "answerStatus": 0
      }
    ]
  },
  {
    "originQuestionIndex": 8,
    "orderInStage": 8,
    "enabled": 1,
    "stage": 1,
    "product": "Tab",
    "category": "Customer Engagement",
    "specificFeature": null,
    "importance": null,
    "timeLimitSeconds": 30,
    "text": "Quelle est la fonctionnalité qui n’est PAS prise en charge par Samsung Notes ?",
    "questionType": "SINGLE_CHOICE",
    "options": [
      {
        "text": "Traduction de PDF intégré",
        "answerStatus": 0
      },
      {
        "text": "Transcrire et traduire",
        "answerStatus": 0
      },
      {
        "text": "Traduction en temps réel lors d’enregistrements vocaux",
        "answerStatus": 1
      },
      {
        "text": "Résumer et formater automatiquement",
        "answerStatus": 0
      }
    ]
  },
  {
    "originQuestionIndex": 9,
    "orderInStage": 9,
    "enabled": 1,
    "stage": 1,
    "product": "Service",
    "category": "Samsung Account",
    "specificFeature": null,
    "importance": null,
    "timeLimitSeconds": 30,
    "text": "Que dois-je préparer pour pouvoir utiliser Galaxy AI ?",
    "questionType": "SINGLE_CHOICE",
    "options": [
      {
        "text": "Vous devez être connecté à votre compte Samsung",
        "answerStatus": 1
      },
      {
        "text": "Vous devez payer un certain tarif d’abonnement.",
        "answerStatus": 0
      },
      {
        "text": "Vous devez télécharger l’application Galaxy AI dédiée",
        "answerStatus": 0
      },
      {
        "text": "Rien",
        "answerStatus": 0
      }
    ]
  },
  {
    "originQuestionIndex": 10,
    "orderInStage": 10,
    "enabled": 1,
    "stage": 1,
    "product": "Service",
    "category": "One UI 7",
    "specificFeature": null,
    "importance": null,
    "timeLimitSeconds": 30,
    "text": "Pourquoi dois-je procéder à une mise à niveau de mon Galaxy à la version One UI 7.0 ?",
    "questionType": "SINGLE_CHOICE",
    "options": [
      {
        "text": "Peu de choses ont été modifiées par rapport à One UI 6.1.1",
        "answerStatus": 0
      },
      {
        "text": "Avec One UI 7.0, vous bénéficierez d’une expérience d’IA plus riche que celle offerte par les logiciels précédents",
        "answerStatus": 1
      }
    ]
  },
  {
    "originQuestionIndex": 11,
    "orderInStage": 11,
    "enabled": 1,
    "stage": 2,
    "product": "S25",
    "category": "Key CXPs",
    "specificFeature": null,
    "importance": "B",
    "timeLimitSeconds": 30,
    "text": "Quels facteurs peut-on effacer avec la Gomme Audio ? (sélectionnez tout)",
    "questionType": "SINGLE_CHOICE",
    "options": [
      {
        "text": "Musique",
        "answerStatus": 0
      },
      {
        "text": "Vent",
        "answerStatus": 0
      },
      {
        "text": "Bruit",
        "answerStatus": 0
      },
      {
        "text": "Toutes les réponses qui précèdent",
        "answerStatus": 1
      }
    ]
  },
  {
    "originQuestionIndex": 12,
    "orderInStage": 12,
    "enabled": 1,
    "stage": 2,
    "product": "S25",
    "category": "Demo",
    "specificFeature": null,
    "importance": "A",
    "timeLimitSeconds": 30,
    "text": "Quelles sont les principales fonctions à expérimenter pour le Galaxy S25 ? (sélectionnez tout)",
    "questionType": "MULTI_CHOICE",
    "options": [
      {
        "text": "Assistant Message",
        "answerStatus": 0
      },
      {
        "text": "Action Cross-App",
        "answerStatus": 1
      },
      {
        "text": "Portrait et Mon Filtre",
        "answerStatus": 1
      },
      {
        "text": "Gomme audio",
        "answerStatus": 1
      }
    ]
  },
  {
    "originQuestionIndex": 13,
    "orderInStage": 13,
    "enabled": 1,
    "stage": 2,
    "product": "S25",
    "category": "Key Improvements",
    "specificFeature": null,
    "importance": "A",
    "timeLimitSeconds": 30,
    "text": "Quelles sont les améliorations essentielles  du Galaxy S25 ? (sélectionnez trois réponses)",
    "questionType": "MULTI_CHOICE",
    "options": [
      {
        "text": "Action Cross-App",
        "answerStatus": 1
      },
      {
        "text": "Recherche multimodale ",
        "answerStatus": 1
      },
      {
        "text": "Batterie",
        "answerStatus": 0
      },
      {
        "text": "Processeur 3 nm",
        "answerStatus": 1
      }
    ]
  },
  {
    "originQuestionIndex": 14,
    "orderInStage": 14,
    "enabled": 1,
    "stage": 2,
    "product": "S25",
    "category": "Key CXPs",
    "specificFeature": null,
    "importance": "B",
    "timeLimitSeconds": 30,
    "text": "De quel processeur le Galaxy S25 est-il équipé ?",
    "questionType": "SINGLE_CHOICE",
    "options": [
      {
        "text": "Processeur 6 nm",
        "answerStatus": 0
      },
      {
        "text": "Processeur 5 nm",
        "answerStatus": 0
      },
      {
        "text": "Processeur 4 nm",
        "answerStatus": 0
      },
      {
        "text": "Processeur 3 nm",
        "answerStatus": 1
      }
    ]
  },
  {
    "originQuestionIndex": 15,
    "orderInStage": 15,
    "enabled": 1,
    "stage": 2,
    "product": "S25",
    "category": "Key Improvements",
    "specificFeature": null,
    "importance": "A",
    "timeLimitSeconds": 30,
    "text": "Quelles sont les améliorations apportées par le Galaxy S25 Ultra (3 réponses possibles) ?",
    "questionType": "MULTI_CHOICE",
    "options": [
      {
        "text": "Ultra grand-angle 50 MP",
        "answerStatus": 1
      },
      {
        "text": "Poids",
        "answerStatus": 0
      },
      {
        "text": "Corning Gorilla Armor2 (pour l'écran avant)",
        "answerStatus": 1
      },
      {
        "text": "Processeur",
        "answerStatus": 1
      }
    ]
  },
  {
    "originQuestionIndex": 16,
    "orderInStage": 16,
    "enabled": 1,
    "stage": 2,
    "product": "Watch",
    "category": "Customer Engagement",
    "specificFeature": null,
    "importance": "A",
    "timeLimitSeconds": 30,
    "text": "Lequel des avantages suivants n’est PAS un avantage essentiel de la nouvelle Galaxy Watch ? (sélectionnez une réponse)",
    "questionType": "SINGLE_CHOICE",
    "options": [
      {
        "text": "Niveau supérieur (performance)",
        "answerStatus": 0
      },
      {
        "text": "Sommeil assisté par l’IA",
        "answerStatus": 0
      },
      {
        "text": "Taille d’écran",
        "answerStatus": 1
      },
      {
        "text": "Expérience d’exercice personnalisée",
        "answerStatus": 0
      }
    ]
  },
  {
    "originQuestionIndex": 17,
    "orderInStage": 17,
    "enabled": 1,
    "stage": 2,
    "product": "Buds",
    "category": "Customer Engagement",
    "specificFeature": null,
    "importance": "A",
    "timeLimitSeconds": 30,
    "text": "Quelle fonction essentielle doit être mise en avant lors de la présentation des Galaxy Buds3 Pro et Galaxy Buds3 à des clients qui les découvrent (primo-acheteur) ?",
    "questionType": "SINGLE_CHOICE",
    "options": [
      {
        "text": "Son cristallin",
        "answerStatus": 0
      },
      {
        "text": "Réduction active du bruit (ANC) Adaptive",
        "answerStatus": 0
      },
      {
        "text": "Maintien confortable",
        "answerStatus": 0
      },
      {
        "text": "Toutes les réponses qui précèdent",
        "answerStatus": 1
      }
    ]
  },
  {
    "originQuestionIndex": 18,
    "orderInStage": 18,
    "enabled": 1,
    "stage": 2,
    "product": "Tab",
    "category": "Customer Engagement",
    "specificFeature": null,
    "importance": null,
    "timeLimitSeconds": 30,
    "text": "Quelle est la nouvelle fonctionnalité de la Tab S10 qui permet de profiter pleinement de la vie en extérieur ?",
    "questionType": "SINGLE_CHOICE",
    "options": [
      {
        "text": "Technologie Dynamic AMOLED 2X",
        "answerStatus": 0
      },
      {
        "text": "Antireflet",
        "answerStatus": 1
      },
      {
        "text": "HDR 10+",
        "answerStatus": 0
      },
      {
        "text": "Grand écran",
        "answerStatus": 0
      }
    ]
  },
  {
    "originQuestionIndex": 19,
    "orderInStage": 19,
    "enabled": 1,
    "stage": 2,
    "product": "Service",
    "category": "Quick Share",
    "specificFeature": null,
    "importance": null,
    "timeLimitSeconds": 30,
    "text": "Existe-t-il une fonction permettant de partager simplement et rapidement des photos et des vidéos avec ses amis ?",
    "questionType": "SINGLE_CHOICE",
    "options": [
      {
        "text": "Smart Things",
        "answerStatus": 0
      },
      {
        "text": "Quick Share",
        "answerStatus": 1
      },
      {
        "text": "Smart Switch",
        "answerStatus": 0
      },
      {
        "text": "Traduction instantanée",
        "answerStatus": 0
      }
    ]
  },
  {
    "originQuestionIndex": 20,
    "orderInStage": 20,
    "enabled": 1,
    "stage": 2,
    "product": "Service",
    "category": "Quick Share",
    "specificFeature": null,
    "importance": null,
    "timeLimitSeconds": 30,
    "text": "Faut-il que je reste à proximité quand j’utilise Quick Share ?",
    "questionType": "SINGLE_CHOICE",
    "options": [
      {
        "text": "Pas besoin, ça fonctionne via le cloud",
        "answerStatus": 1
      },
      {
        "text": "Oui, malheureusement, il faut rester jusqu’à la fin.",
        "answerStatus": 0
      }
    ]
  },
  {
    "originQuestionIndex": 21,
    "orderInStage": 21,
    "enabled": 1,
    "stage": 3,
    "product": "S25",
    "category": "Demo",
    "specificFeature": null,
    "importance": "A",
    "timeLimitSeconds": 30,
    "text": "Pourriez-vous me recommander les principales fonctions à découvrir ? (sélectionnez tout)",
    "questionType": "SINGLE_CHOICE",
    "options": [
      {
        "text": "Action Cross-App",
        "answerStatus": 0
      },
      {
        "text": "Portrait et Mon Filtre",
        "answerStatus": 0
      },
      {
        "text": "Gomme audio",
        "answerStatus": 0
      },
      {
        "text": "Toutes les réponses qui précèdent",
        "answerStatus": 1
      }
    ]
  },
  {
    "originQuestionIndex": 22,
    "orderInStage": 22,
    "enabled": 1,
    "stage": 3,
    "product": "S25",
    "category": "Demo",
    "specificFeature": null,
    "importance": "A",
    "timeLimitSeconds": 30,
    "text": "Que faire en cas d’Action Cross-App sur le Galaxy S25 ? (par exemple)",
    "questionType": "SINGLE_CHOICE",
    "options": [
      {
        "text": "Rechercher un restaurant chinois à proximité et l’envoyer à Tony",
        "answerStatus": 1
      },
      {
        "text": "Bonjour Bixby",
        "answerStatus": 0
      },
      {
        "text": "Donne-moi la météo du jour",
        "answerStatus": 0
      },
      {
        "text": "Bonjour Gemini",
        "answerStatus": 0
      }
    ]
  },
  {
    "originQuestionIndex": 23,
    "orderInStage": 23,
    "enabled": 1,
    "stage": 3,
    "product": "S25",
    "category": "Demo",
    "specificFeature": null,
    "importance": "A",
    "timeLimitSeconds": 30,
    "text": "Comment puis-je appliquer un filtre lorsque je prends une photo ? (sélectionnez deux réponses)",
    "questionType": "MULTI_CHOICE",
    "options": [
      {
        "text": "En utilisant le filtre prédéfini de l’application appareil photo",
        "answerStatus": 1
      },
      {
        "text": "En utilisant le mode Nuit de l’application appareil photo",
        "answerStatus": 0
      },
      {
        "text": "En utilisant Mon Filtre de photo dans la Galerie",
        "answerStatus": 1
      },
      {
        "text": "En utilisant le Ralenti de l’application appareil photo",
        "answerStatus": 0
      }
    ]
  },
  {
    "originQuestionIndex": 24,
    "orderInStage": 24,
    "enabled": 1,
    "stage": 3,
    "product": "S25",
    "category": "Recommendation",
    "specificFeature": null,
    "importance": "B",
    "timeLimitSeconds": 30,
    "text": "J’adore le S Pen. Avez-vous des recommandations ?",
    "questionType": "SINGLE_CHOICE",
    "options": [
      {
        "text": "Galaxy S25 Plus",
        "answerStatus": 0
      },
      {
        "text": "Galaxy S25 Ultra",
        "answerStatus": 1
      },
      {
        "text": "Galaxy S25",
        "answerStatus": 0
      },
      {
        "text": "Galaxy Watch Ultra",
        "answerStatus": 0
      }
    ]
  },
  {
    "originQuestionIndex": 25,
    "orderInStage": 25,
    "enabled": 1,
    "stage": 3,
    "product": "S25",
    "category": "Demo",
    "specificFeature": null,
    "importance": "B",
    "timeLimitSeconds": 30,
    "text": "Quelles informations/commentaires puis-je recevoir avec Now Brief (sélectionnez trois réponses)",
    "questionType": "MULTI_CHOICE",
    "options": [
      {
        "text": "Score d’énergie",
        "answerStatus": 1
      },
      {
        "text": "Calendrier",
        "answerStatus": 1
      },
      {
        "text": "Alarme",
        "answerStatus": 1
      },
      {
        "text": "Adresse du domicile",
        "answerStatus": 0
      }
    ]
  },
  {
    "originQuestionIndex": 26,
    "orderInStage": 26,
    "enabled": 1,
    "stage": 3,
    "product": "Watch",
    "category": "Customer Engagement",
    "specificFeature": null,
    "importance": "A",
    "timeLimitSeconds": 30,
    "text": "Sélectionnez une fonction liée à la santé/au sommeil dans la nouvelle Galaxy Watch (sélectionnez toutes les réponses correctes)",
    "questionType": "SINGLE_CHOICE",
    "options": [
      {
        "text": "Score d’énergie",
        "answerStatus": 0
      },
      {
        "text": "Coaching personnalisé",
        "answerStatus": 0
      },
      {
        "text": "Motivation personnelle et amélioration",
        "answerStatus": 0
      },
      {
        "text": "Toutes les réponses qui précèdent",
        "answerStatus": 1
      }
    ]
  },
  {
    "originQuestionIndex": 27,
    "orderInStage": 27,
    "enabled": 1,
    "stage": 3,
    "product": "Buds",
    "category": "Customer Engagement",
    "specificFeature": null,
    "importance": "A",
    "timeLimitSeconds": 30,
    "text": "Sélectionnez la fonction la plus appropriée des Galaxy Buds3 qui peut être utilisée lors d’une rencontre avec un étranger qui parle une autre langue.",
    "questionType": "SINGLE_CHOICE",
    "options": [
      {
        "text": "Interprète",
        "answerStatus": 1
      },
      {
        "text": "IP57",
        "answerStatus": 0
      },
      {
        "text": "Maintien confortable",
        "answerStatus": 0
      },
      {
        "text": "Son cristallin",
        "answerStatus": 0
      }
    ]
  },
  {
    "originQuestionIndex": 28,
    "orderInStage": 28,
    "enabled": 1,
    "stage": 3,
    "product": "Tab",
    "category": "Customer Engagement",
    "specificFeature": null,
    "importance": null,
    "timeLimitSeconds": 30,
    "text": "Quelle est la nouveauté du Book Cover Keyboard de la Tab S10 ?",
    "questionType": "SINGLE_CHOICE",
    "options": [
      {
        "text": "Rétroéclairage ",
        "answerStatus": 0
      },
      {
        "text": "Touche IA dédiée",
        "answerStatus": 1
      },
      {
        "text": "Lanceur Samsung Notes",
        "answerStatus": 0
      },
      {
        "text": "Assistant Google",
        "answerStatus": 0
      }
    ]
  },
  {
    "originQuestionIndex": 29,
    "orderInStage": 29,
    "enabled": 1,
    "stage": 3,
    "product": "Service",
    "category": "Samsung Health",
    "specificFeature": null,
    "importance": null,
    "timeLimitSeconds": 30,
    "text": "Quels sont les critères pour avoir un Score d’énergie ? (sélectionnez tout)",
    "questionType": "SINGLE_CHOICE",
    "options": [
      {
        "text": "Sommeil",
        "answerStatus": 0
      },
      {
        "text": "Activité physique",
        "answerStatus": 0
      },
      {
        "text": "Fréquence cardiaque",
        "answerStatus": 0
      },
      {
        "text": "Toutes les réponses qui précèdent",
        "answerStatus": 1
      }
    ]
  },
  {
    "originQuestionIndex": 30,
    "orderInStage": 30,
    "enabled": 1,
    "stage": 3,
    "product": "Service",
    "category": "Trade-in",
    "specificFeature": null,
    "importance": null,
    "timeLimitSeconds": 30,
    "text": "Quel est le principal avantage de la reprise ? ",
    "questionType": "SINGLE_CHOICE",
    "options": [
      {
        "text": "Vous pouvez bénéficier d’un plan de financement mensuel",
        "answerStatus": 0
      },
      {
        "text": "Vous pouvez réduire instantanément la charge/le coût de l’achat du smartphone le plus récent",
        "answerStatus": 1
      },
      {
        "text": "Vous pouvez obtenir deux fois plus d’espace de stockage pour le même prix",
        "answerStatus": 0
      },
      {
        "text": "Si vous en achetez un, vous en avez un gratuit",
        "answerStatus": 0
      }
    ]
  },
  {
    "originQuestionIndex": 31,
    "orderInStage": 31,
    "enabled": 1,
    "stage": 4,
    "product": "S25",
    "category": "Upgrader",
    "specificFeature": null,
    "importance": "B",
    "timeLimitSeconds": 30,
    "text": "J’utilise un S22. Quelles sont les améliorations essentielles du Galaxy S25 ? (sélectionnez deux réponses)",
    "questionType": "MULTI_CHOICE",
    "options": [
      {
        "text": "Processeur 3 nm",
        "answerStatus": 1
      },
      {
        "text": "Qualité de l’image",
        "answerStatus": 1
      },
      {
        "text": "Nombre d’objectifs",
        "answerStatus": 0
      },
      {
        "text": "Dimensions",
        "answerStatus": 0
      }
    ]
  },
  {
    "originQuestionIndex": 32,
    "orderInStage": 32,
    "enabled": 1,
    "stage": 4,
    "product": "S25",
    "category": "Ultra",
    "specificFeature": null,
    "importance": "B",
    "timeLimitSeconds": 30,
    "text": "Pouvez-vous indiquer les fonctions exclusives du Galaxy S25 Ultra ? (sélectionnez tout)",
    "questionType": "SINGLE_CHOICE",
    "options": [
      {
        "text": "S Pen intégré",
        "answerStatus": 0
      },
      {
        "text": "Zoom 100x et appareil photo 200mp",
        "answerStatus": 0
      },
      {
        "text": "Écran et batterie améliorés",
        "answerStatus": 0
      },
      {
        "text": "Toutes les réponses qui précèdent",
        "answerStatus": 1
      }
    ]
  },
  {
    "originQuestionIndex": 33,
    "orderInStage": 33,
    "enabled": 1,
    "stage": 4,
    "product": "S25",
    "category": "Quick Share",
    "specificFeature": null,
    "importance": "B",
    "timeLimitSeconds": 30,
    "text": "Existe-t-il des moyens de partager mes fichiers avec des appareils autres qu’Android ?",
    "questionType": "SINGLE_CHOICE",
    "options": [
      {
        "text": "Quick Share",
        "answerStatus": 1
      },
      {
        "text": "Smart Things",
        "answerStatus": 0
      },
      {
        "text": "Try Galaxy",
        "answerStatus": 0
      },
      {
        "text": "Wallet",
        "answerStatus": 0
      }
    ]
  },
  {
    "originQuestionIndex": 34,
    "orderInStage": 34,
    "enabled": 1,
    "stage": 4,
    "product": "S25",
    "category": "Create Excitement",
    "specificFeature": null,
    "importance": "A",
    "timeLimitSeconds": 30,
    "text": "Quelle est la fonction qui permet d’afficher une vidéo enregistrée au ralenti ?",
    "questionType": "SINGLE_CHOICE",
    "options": [
      {
        "text": "Vidéos Nightography",
        "answerStatus": 0
      },
      {
        "text": "Gomme Audio",
        "answerStatus": 0
      },
      {
        "text": "Ralenti instantané",
        "answerStatus": 1
      },
      {
        "text": "Rognage automatique",
        "answerStatus": 0
      }
    ]
  },
  {
    "originQuestionIndex": 35,
    "orderInStage": 35,
    "enabled": 1,
    "stage": 4,
    "product": "S25",
    "category": "Create Excitement",
    "specificFeature": null,
    "importance": "B",
    "timeLimitSeconds": 30,
    "text": "Je passe beaucoup d’appels au quotidien, mais j’oublie souvent le contenu de mes discussions. Pouvez-vous me recommander une fonctionnalité qui pourrait m’aider dans ce cas ?",
    "questionType": "SINGLE_CHOICE",
    "options": [
      {
        "text": "Assistant Transcription",
        "answerStatus": 1
      },
      {
        "text": "Traduction instantanée",
        "answerStatus": 0
      },
      {
        "text": "Now Brief",
        "answerStatus": 0
      },
      {
        "text": "Recherche multimodale",
        "answerStatus": 0
      }
    ]
  },
  {
    "originQuestionIndex": 36,
    "orderInStage": 36,
    "enabled": 1,
    "stage": 4,
    "product": "Service",
    "category": "Samsung Care+",
    "specificFeature": null,
    "importance": null,
    "timeLimitSeconds": 30,
    "text": "Je perds souvent mon téléphone ou le fais tomber. Cela me rend réticent à acheter un appareil coûteux, de peur qu'il ne se casse.",
    "questionType": "SINGLE_CHOICE",
    "options": [
      {
        "text": "Nous vous recommandons Samsung Care+",
        "answerStatus": 1
      },
      {
        "text": "Nous vous recommandons Samsung Wallet",
        "answerStatus": 0
      },
      {
        "text": "Nous vous recommandons Quick Share",
        "answerStatus": 0
      },
      {
        "text": "Nous vous recommandons un modèle moins cher",
        "answerStatus": 0
      }
    ]
  },
  {
    "originQuestionIndex": 37,
    "orderInStage": 37,
    "enabled": 1,
    "stage": 4,
    "product": "Service",
    "category": "Samsung Care+",
    "specificFeature": null,
    "importance": null,
    "timeLimitSeconds": 30,
    "text": "Qu’est-ce qui n’est PAS couvert par Samsung Care+",
    "questionType": "SINGLE_CHOICE",
    "options": [
      {
        "text": "Smartphone",
        "answerStatus": 0
      },
      {
        "text": "Montre",
        "answerStatus": 0
      },
      {
        "text": "PC de bureau",
        "answerStatus": 1
      },
      {
        "text": "Tab",
        "answerStatus": 0
      }
    ]
  },
  {
    "originQuestionIndex": 38,
    "orderInStage": 38,
    "enabled": 1,
    "stage": 4,
    "product": "Ring",
    "category": "Customer Engagement",
    "specificFeature": null,
    "importance": "B",
    "timeLimitSeconds": 30,
    "text": "Que faire si la Galaxy Ring reste coincée à mon doigt ?",
    "questionType": "SINGLE_CHOICE",
    "options": [
      {
        "text": "Appliquer un lubrifiant, comme une crème pour les mains, une huile nettoyante ou du savon, afin de réduire le frottement, ce qui facilite le retrait.",
        "answerStatus": 0
      },
      {
        "text": "Plonger le doigt dans de l’eau froide pour resserrer temporairement les vaisseaux sanguins et rétrécir le doigt. ",
        "answerStatus": 0
      },
      {
        "text": "Réduiser le gonflement en surélevant votre main pendant plus de 5 minutes.",
        "answerStatus": 0
      },
      {
        "text": "Toutes les réponses qui précèdent",
        "answerStatus": 1
      }
    ]
  },
  {
    "originQuestionIndex": 39,
    "orderInStage": 39,
    "enabled": 1,
    "stage": 4,
    "product": "Ring",
    "category": "Customer Engagement",
    "specificFeature": null,
    "importance": "A",
    "timeLimitSeconds": 30,
    "text": "Quelle est la meilleure réponse pour compléter l’espace vide ?\nGalaxy Ring est un nouvel appareil portable. Notamment un indicateur de santé assisté par l’IA et ________.",
    "questionType": "SINGLE_CHOICE",
    "options": [
      {
        "text": "le score d’énergie",
        "answerStatus": 0
      },
      {
        "text": "la carte Booster",
        "answerStatus": 0
      },
      {
        "text": "le conseils de sommeil",
        "answerStatus": 1
      },
      {
        "text": "le double pincement ",
        "answerStatus": 0
      }
    ]
  },
  {
    "originQuestionIndex": 40,
    "orderInStage": 40,
    "enabled": 1,
    "stage": 4,
    "product": "Ring",
    "category": "Customer Engagement",
    "specificFeature": null,
    "importance": "A",
    "timeLimitSeconds": 30,
    "text": "Lequel des avantages suivants est un avantage essentiel de la Galaxy Ring ?",
    "questionType": "SINGLE_CHOICE",
    "options": [
      {
        "text": "Coaching personnalisé",
        "answerStatus": 0
      },
      {
        "text": "Confortable 24/7",
        "answerStatus": 0
      },
      {
        "text": "Double pincement ",
        "answerStatus": 0
      },
      {
        "text": "Toutes les réponses qui précèdent",
        "answerStatus": 1
      }
    ]
  }
]